{"indexes":[{"v":{"$numberInt":"2"},"key":{"_id":{"$numberInt":"1"}},"name":"_id_"},{"v":{"$numberInt":"2"},"key":{"_fts":"text","_ftsx":{"$numberInt":"1"}},"name":"tag_text_title_text_description_text_userName_text","weights":{"description":{"$numberInt":"1"},"tag":{"$numberInt":"1"},"title":{"$numberInt":"1"},"userName":{"$numberInt":"1"}},"default_language":"english","language_override":"language","textIndexVersion":{"$numberInt":"3"}}],"uuid":"adb06e97533a41d59acd8d121dff9bd6","collectionName":"blogs","type":"collection"}